{
  "status": "complete",
  "computed_at": "2026-07-16T06:17:04.786808+00:00",
  "model": {
    "path": "yolo26l.pt",
    "sha256": "9fe3c544f2b19bebad7ea41e76d7ad3d88b7c2f10d11d24430c5311f6b32db26",
    "bytes": 53211173
  },
  "dataset": {
    "path": "data\\processed\\coco_person\\dataset.yaml",
    "split": "val",
    "images": 1346,
    "objects": 5427
  },
  "test_used": false,
  "promotion_performed": false,
  "dataset_modified": false,
  "main_config_modified": false,
  "quality": {
    "standard_eval": {
      "precision": 0.853276310940179,
      "recall": 0.7565442489740372,
      "f1": 0.8020040269108928,
      "mAP50": 0.8605794927980945,
      "mAP50_95": 0.6498525312937524,
      "speed_ms": {
        "preprocess": 0.892093833587371,
        "inference": 29.114675482938807,
        "loss": 0.0004083952953157473,
        "postprocess": 0.20352526000330023
      }
    },
    "confidence_sweep_argmax_f1": {
      "confidence": 0.3,
      "true_positives": 4070,
      "false_positives": 767,
      "false_negatives": 1357,
      "detections": 4837,
      "images": 1346,
      "objects": 5427,
      "precision": 0.8414306388257184,
      "recall": 0.749953934033536,
      "f1": 0.7930631332813719,
      "false_positives_per_image": 0.5698365527488856,
      "wall_ms_per_image": 34.62394583952535,
      "predict_wall_ms_per_image": 29.73297971766442
    }
  },
  "requirements": {
    "precision": 0.85,
    "recall": 0.8,
    "f1": 0.85,
    "fps": 15.0
  },
  "requirement_checks": {
    "standard_eval_quality": {
      "precision": true,
      "recall": false,
      "f1": false
    },
    "confidence_sweep_operational_quality": {
      "precision": false,
      "recall": false,
      "f1": false
    },
    "pipeline_fps": [
      {
        "name": "yolo26l_720p_cpu_1_stream",
        "aggregate_fps": 5.825266132593987,
        "fps_per_stream": 5.825266132593987,
        "fps_pass": false,
        "standard_quality_and_fps_pass": false,
        "operational_quality_and_fps_pass": false
      },
      {
        "name": "yolo26l_720p_cpu_2_stream",
        "aggregate_fps": 5.9898844329102605,
        "fps_per_stream": 2.9949422164551303,
        "fps_pass": false,
        "standard_quality_and_fps_pass": false,
        "operational_quality_and_fps_pass": false
      },
      {
        "name": "yolo26l_720p_cuda_1_stream",
        "aggregate_fps": 36.2923779280061,
        "fps_per_stream": 36.2923779280061,
        "fps_pass": true,
        "standard_quality_and_fps_pass": false,
        "operational_quality_and_fps_pass": false
      },
      {
        "name": "yolo26l_720p_cuda_2_stream",
        "aggregate_fps": 47.37877144600769,
        "fps_per_stream": 23.689385723003845,
        "fps_pass": true,
        "standard_quality_and_fps_pass": false,
        "operational_quality_and_fps_pass": false
      }
    ],
    "all_requirements_simultaneously_met_any_scenario_standard_eval": false,
    "all_requirements_simultaneously_met_any_scenario_operational_sweep": false
  },
  "artifacts": {
    "standard_eval": "reports\\training_runs\\yolo26l_z0\\yolo26l_val_metrics.json",
    "confidence_sweep_json": "reports\\training_runs\\yolo26l_z0\\yolo26l_confidence_sweep_val.json",
    "confidence_sweep_csv": "reports\\training_runs\\yolo26l_z0\\yolo26l_confidence_sweep_val.csv",
    "pipeline_benchmark": "reports\\training_runs\\yolo26l_z0\\yolo26l_720p_pipeline_benchmark.json"
  }
}
