{
  "status": "complete",
  "computed_at": "2026-07-16T06:15:03.697692+00:00",
  "model": {
    "path": "yolo26l.pt",
    "sha256": "9fe3c544f2b19bebad7ea41e76d7ad3d88b7c2f10d11d24430c5311f6b32db26",
    "bytes": 53211173
  },
  "dataset": {
    "path": "data\\processed\\coco_person\\dataset.yaml",
    "split": "val",
    "images": 1346,
    "objects": 5427
  },
  "test_used": false,
  "matching_iou": 0.5,
  "predict_confidence": 0.001,
  "nms_iou": 0.5,
  "selection_rule": "argmax F1 on val operational metrics, tie-break recall then precision",
  "selected_threshold": {
    "confidence": 0.3,
    "true_positives": 4070,
    "false_positives": 767,
    "false_negatives": 1357,
    "detections": 4837,
    "images": 1346,
    "objects": 5427,
    "precision": 0.8414306388257184,
    "recall": 0.749953934033536,
    "f1": 0.7930631332813719,
    "false_positives_per_image": 0.5698365527488856,
    "wall_ms_per_image": 34.62394583952535,
    "predict_wall_ms_per_image": 29.73297971766442
  },
  "thresholds": [
    {
      "confidence": 0.05,
      "true_positives": 4864,
      "false_positives": 4300,
      "false_negatives": 563,
      "detections": 9164,
      "images": 1346,
      "objects": 5427,
      "precision": 0.5307725883893496,
      "recall": 0.8962594435231251,
      "f1": 0.6667123569323555,
      "false_positives_per_image": 3.1946508172362558,
      "wall_ms_per_image": 34.62394583952535,
      "predict_wall_ms_per_image": 29.73297971766442
    },
    {
      "confidence": 0.1,
      "true_positives": 4633,
      "false_positives": 2538,
      "false_negatives": 794,
      "detections": 7171,
      "images": 1346,
      "objects": 5427,
      "precision": 0.6460744666015897,
      "recall": 0.8536944905104109,
      "f1": 0.7355135735831083,
      "false_positives_per_image": 1.8855869242199108,
      "wall_ms_per_image": 34.62394583952535,
      "predict_wall_ms_per_image": 29.73297971766442
    },
    {
      "confidence": 0.15,
      "true_positives": 4472,
      "false_positives": 1777,
      "false_negatives": 955,
      "detections": 6249,
      "images": 1346,
      "objects": 5427,
      "precision": 0.7156345015202432,
      "recall": 0.8240280081076101,
      "f1": 0.7660157588215142,
      "false_positives_per_image": 1.3202080237741456,
      "wall_ms_per_image": 34.62394583952535,
      "predict_wall_ms_per_image": 29.73297971766442
    },
    {
      "confidence": 0.2,
      "true_positives": 4339,
      "false_positives": 1276,
      "false_negatives": 1088,
      "detections": 5615,
      "images": 1346,
      "objects": 5427,
      "precision": 0.7727515583259127,
      "recall": 0.7995209139487747,
      "f1": 0.7859083499366057,
      "false_positives_per_image": 0.9479940564635958,
      "wall_ms_per_image": 34.62394583952535,
      "predict_wall_ms_per_image": 29.73297971766442
    },
    {
      "confidence": 0.25,
      "true_positives": 4216,
      "false_positives": 995,
      "false_negatives": 1211,
      "detections": 5211,
      "images": 1346,
      "objects": 5427,
      "precision": 0.8090577624256381,
      "recall": 0.7768564584484983,
      "f1": 0.7926301936454221,
      "false_positives_per_image": 0.7392273402674592,
      "wall_ms_per_image": 34.62394583952535,
      "predict_wall_ms_per_image": 29.73297971766442
    },
    {
      "confidence": 0.3,
      "true_positives": 4070,
      "false_positives": 767,
      "false_negatives": 1357,
      "detections": 4837,
      "images": 1346,
      "objects": 5427,
      "precision": 0.8414306388257184,
      "recall": 0.749953934033536,
      "f1": 0.7930631332813719,
      "false_positives_per_image": 0.5698365527488856,
      "wall_ms_per_image": 34.62394583952535,
      "predict_wall_ms_per_image": 29.73297971766442
    },
    {
      "confidence": 0.35,
      "true_positives": 3940,
      "false_positives": 584,
      "false_negatives": 1487,
      "detections": 4524,
      "images": 1346,
      "objects": 5427,
      "precision": 0.8709106984969054,
      "recall": 0.7259996314722683,
      "f1": 0.7918802130439153,
      "false_positives_per_image": 0.4338781575037147,
      "wall_ms_per_image": 34.62394583952535,
      "predict_wall_ms_per_image": 29.73297971766442
    },
    {
      "confidence": 0.4,
      "true_positives": 3799,
      "false_positives": 454,
      "false_negatives": 1628,
      "detections": 4253,
      "images": 1346,
      "objects": 5427,
      "precision": 0.8932518222431225,
      "recall": 0.7000184263865856,
      "f1": 0.7849173553719009,
      "false_positives_per_image": 0.337295690936107,
      "wall_ms_per_image": 34.62394583952535,
      "predict_wall_ms_per_image": 29.73297971766442
    },
    {
      "confidence": 0.45,
      "true_positives": 3645,
      "false_positives": 337,
      "false_negatives": 1782,
      "detections": 3982,
      "images": 1346,
      "objects": 5427,
      "precision": 0.9153691612255148,
      "recall": 0.6716417910447762,
      "f1": 0.774790094590286,
      "false_positives_per_image": 0.25037147102526003,
      "wall_ms_per_image": 34.62394583952535,
      "predict_wall_ms_per_image": 29.73297971766442
    },
    {
      "confidence": 0.5,
      "true_positives": 3483,
      "false_positives": 265,
      "false_negatives": 1944,
      "detections": 3748,
      "images": 1346,
      "objects": 5427,
      "precision": 0.9292956243329776,
      "recall": 0.6417910447761194,
      "f1": 0.7592370572207084,
      "false_positives_per_image": 0.19687964338781574,
      "wall_ms_per_image": 34.62394583952535,
      "predict_wall_ms_per_image": 29.73297971766442
    },
    {
      "confidence": 0.55,
      "true_positives": 3341,
      "false_positives": 200,
      "false_negatives": 2086,
      "detections": 3541,
      "images": 1346,
      "objects": 5427,
      "precision": 0.9435187800056481,
      "recall": 0.6156255758245808,
      "f1": 0.7450936663693132,
      "false_positives_per_image": 0.1485884101040119,
      "wall_ms_per_image": 34.62394583952535,
      "predict_wall_ms_per_image": 29.73297971766442
    },
    {
      "confidence": 0.6,
      "true_positives": 3182,
      "false_positives": 166,
      "false_negatives": 2245,
      "detections": 3348,
      "images": 1346,
      "objects": 5427,
      "precision": 0.9504181600955794,
      "recall": 0.5863276211534918,
      "f1": 0.7252421652421652,
      "false_positives_per_image": 0.12332838038632987,
      "wall_ms_per_image": 34.62394583952535,
      "predict_wall_ms_per_image": 29.73297971766442
    },
    {
      "confidence": 0.65,
      "true_positives": 3004,
      "false_positives": 123,
      "false_negatives": 2423,
      "detections": 3127,
      "images": 1346,
      "objects": 5427,
      "precision": 0.9606651742884554,
      "recall": 0.5535286530311406,
      "f1": 0.7023614683189152,
      "false_positives_per_image": 0.0913818722139673,
      "wall_ms_per_image": 34.62394583952535,
      "predict_wall_ms_per_image": 29.73297971766442
    },
    {
      "confidence": 0.7,
      "true_positives": 2812,
      "false_positives": 96,
      "false_negatives": 2615,
      "detections": 2908,
      "images": 1346,
      "objects": 5427,
      "precision": 0.9669876203576341,
      "recall": 0.5181499907868067,
      "f1": 0.674745050989802,
      "false_positives_per_image": 0.0713224368499257,
      "wall_ms_per_image": 34.62394583952535,
      "predict_wall_ms_per_image": 29.73297971766442
    },
    {
      "confidence": 0.75,
      "true_positives": 2602,
      "false_positives": 70,
      "false_negatives": 2825,
      "detections": 2672,
      "images": 1346,
      "objects": 5427,
      "precision": 0.9738023952095808,
      "recall": 0.4794545789570665,
      "f1": 0.6425484627731819,
      "false_positives_per_image": 0.05200594353640416,
      "wall_ms_per_image": 34.62394583952535,
      "predict_wall_ms_per_image": 29.73297971766442
    },
    {
      "confidence": 0.8,