{
  "model_name": "models\\checkpoints\\experiments\\fine_tuned_n_int8.onnx",
  "split": "val",
  "device": "cpu",
  "detection_precision": 0.0,
  "detection_recall": 0.0,
  "f1_score": 0.0,
  "mAP50": 0.0,
  "mAP50_95": 0.0,
  "speed_ms": {
    "preprocess": 0.6335651560437092,
    "inference": 24.101292124821306,
    "loss": 0.0012477711178666814,
    "postprocess": 0.17466471014109497
  }
}
