{
  "model_name": "yolo26x.pt",
  "split": "val",
  "device": "cuda",
  "detection_precision": 0.8589828074459875,
  "detection_recall": 0.773539708863092,
  "f1_score": 0.8140252941716503,
  "mAP50": 0.8740049937082152,
  "mAP50_95": 0.6680524667033105,
  "speed_ms": {
    "preprocess": 0.9697987369681503,
    "inference": 41.036547176774455,
    "loss": 0.0004436850411482543,
    "postprocess": 0.18090289743426208
  }
}
