{
  "status": "complete",
  "computed_at": "2026-07-16T06:38:30.250377+00:00",
  "model": {
    "path": "yolo26x.pt",
    "sha256": "9fdd44a31c504547ffb81d2c6d9e6dac3493c8eaa8b0398d3f43bae6c7003e92",
    "bytes": 118667365
  },
  "dataset": {
    "path": "data\\processed\\coco_person\\dataset.yaml",
    "split": "val",
    "images": 1346,
    "objects": 5427
  },
  "test_used": false,
  "matching_iou": 0.5,
  "predict_confidence": 0.001,
  "nms_iou": 0.5,
  "selection_rule": "argmax F1 on val operational metrics, tie-break recall then precision",
  "selected_threshold": {
    "confidence": 0.3,
    "true_positives": 4169,
    "false_positives": 759,
    "false_negatives": 1258,
    "detections": 4928,
    "images": 1346,
    "objects": 5427,
    "precision": 0.8459821428571429,
    "recall": 0.7681960567532706,
    "f1": 0.8052148720424915,
    "false_positives_per_image": 0.5638930163447251,
    "wall_ms_per_image": 40.704767830610805,
    "predict_wall_ms_per_image": 35.73762132245393
  },
  "thresholds": [
    {
      "confidence": 0.05,
      "true_positives": 4911,
      "false_positives": 4293,
      "false_negatives": 516,
      "detections": 9204,
      "images": 1346,
      "objects": 5427,
      "precision": 0.5335723598435462,
      "recall": 0.9049198452183527,
      "f1": 0.671314332581505,
      "false_positives_per_image": 3.1894502228826154,
      "wall_ms_per_image": 40.704767830610805,
      "predict_wall_ms_per_image": 35.73762132245393
    },
    {
      "confidence": 0.1,
      "true_positives": 4704,
      "false_positives": 2567,
      "false_negatives": 723,
      "detections": 7271,
      "images": 1346,
      "objects": 5427,
      "precision": 0.6469536514922294,
      "recall": 0.8667772249861803,
      "f1": 0.7409040793825798,
      "false_positives_per_image": 1.9071322436849927,
      "wall_ms_per_image": 40.704767830610805,
      "predict_wall_ms_per_image": 35.73762132245393
    },
    {
      "confidence": 0.15,
      "true_positives": 4538,
      "false_positives": 1763,
      "false_negatives": 889,
      "detections": 6301,
      "images": 1346,
      "objects": 5427,
      "precision": 0.7202031423583558,
      "recall": 0.8361894232540998,
      "f1": 0.7738744884038198,
      "false_positives_per_image": 1.3098068350668648,
      "wall_ms_per_image": 40.704767830610805,
      "predict_wall_ms_per_image": 35.73762132245393
    },
    {
      "confidence": 0.2,
      "true_positives": 4413,
      "false_positives": 1289,
      "false_negatives": 1014,
      "detections": 5702,
      "images": 1346,
      "objects": 5427,
      "precision": 0.7739389687828832,
      "recall": 0.8131564400221116,
      "f1": 0.7930631682990383,
      "false_positives_per_image": 0.9576523031203567,
      "wall_ms_per_image": 40.704767830610805,
      "predict_wall_ms_per_image": 35.73762132245393
    },
    {
      "confidence": 0.25,
      "true_positives": 4290,
      "false_positives": 988,
      "false_negatives": 1137,
      "detections": 5278,
      "images": 1346,
      "objects": 5427,
      "precision": 0.812807881773399,
      "recall": 0.7904919845218352,
      "f1": 0.8014946286781877,
      "false_positives_per_image": 0.7340267459138187,
      "wall_ms_per_image": 40.704767830610805,
      "predict_wall_ms_per_image": 35.73762132245393
    },
    {
      "confidence": 0.3,
      "true_positives": 4169,
      "false_positives": 759,
      "false_negatives": 1258,
      "detections": 4928,
      "images": 1346,
      "objects": 5427,
      "precision": 0.8459821428571429,
      "recall": 0.7681960567532706,
      "f1": 0.8052148720424915,
      "false_positives_per_image": 0.5638930163447251,
      "wall_ms_per_image": 40.704767830610805,
      "predict_wall_ms_per_image": 35.73762132245393
    },
    {
      "confidence": 0.35,
      "true_positives": 4041,
      "false_positives": 581,
      "false_negatives": 1386,
      "detections": 4622,
      "images": 1346,
      "objects": 5427,
      "precision": 0.8742968411942882,
      "recall": 0.7446102819237148,
      "f1": 0.8042591302617177,
      "false_positives_per_image": 0.43164933135215455,
      "wall_ms_per_image": 40.704767830610805,
      "predict_wall_ms_per_image": 35.73762132245393
    },
    {
      "confidence": 0.4,
      "true_positives": 3921,
      "false_positives": 454,
      "false_negatives": 1506,
      "detections": 4375,
      "images": 1346,
      "objects": 5427,
      "precision": 0.8962285714285714,
      "recall": 0.7224986180210061,
      "f1": 0.8000408079983676,
      "false_positives_per_image": 0.337295690936107,
      "wall_ms_per_image": 40.704767830610805,
      "predict_wall_ms_per_image": 35.73762132245393
    },
    {
      "confidence": 0.45,
      "true_positives": 3761,
      "false_positives": 337,
      "false_negatives": 1666,
      "detections": 4098,
      "images": 1346,
      "objects": 5427,
      "precision": 0.9177647632991703,
      "recall": 0.6930163994840611,
      "f1": 0.7897112860892388,
      "false_positives_per_image": 0.25037147102526003,
      "wall_ms_per_image": 40.704767830610805,
      "predict_wall_ms_per_image": 35.73762132245393
    },
    {
      "confidence": 0.5,
      "true_positives": 3604,
      "false_positives": 274,
      "false_negatives": 1823,
      "detections": 3878,
      "images": 1346,
      "objects": 5427,
      "precision": 0.9293450232078391,
      "recall": 0.664086972544684,
      "f1": 0.7746372917786137,
      "false_positives_per_image": 0.20356612184249628,
      "wall_ms_per_image": 40.704767830610805,
      "predict_wall_ms_per_image": 35.73762132245393
    },
    {
      "confidence": 0.55,
      "true_positives": 3453,
      "false_positives": 216,
      "false_negatives": 1974,
      "detections": 3669,
      "images": 1346,
      "objects": 5427,
      "precision": 0.9411283728536386,
      "recall": 0.6362631288004422,
      "f1": 0.7592348284960422,
      "false_positives_per_image": 0.16047548291233285,
      "wall_ms_per_image": 40.704767830610805,
      "predict_wall_ms_per_image": 35.73762132245393
    },
    {
      "confidence": 0.6,
      "true_positives": 3298,
      "false_positives": 171,
      "false_negatives": 2129,
      "detections": 3469,
      "images": 1346,
      "objects": 5427,
      "precision": 0.9507062554050159,
      "recall": 0.6077022295927769,
      "f1": 0.7414568345323742,
      "false_positives_per_image": 0.12704309063893016,
      "wall_ms_per_image": 40.704767830610805,
      "predict_wall_ms_per_image": 35.73762132245393
    },
    {
      "confidence": 0.65,
      "true_positives": 3108,
      "false_positives": 127,
      "false_negatives": 2319,
      "detections": 3235,
      "images": 1346,
      "objects": 5427,
      "precision": 0.960741885625966,
      "recall": 0.5726920950801547,
      "f1": 0.7176171784807204,
      "false_positives_per_image": 0.09435364041604755,
      "wall_ms_per_image": 40.704767830610805,
      "predict_wall_ms_per_image": 35.73762132245393
    },
    {
      "confidence": 0.7,
      "true_positives": 2924,
      "false_positives": 99,
      "false_negatives": 2503,
      "detections": 3023,
      "images": 1346,
      "objects": 5427,
      "precision": 0.9672510750909692,
      "recall": 0.5387875437626681,
      "f1": 0.6920710059171596,
      "false_positives_per_image": 0.07355126300148589,
      "wall_ms_per_image": 40.704767830610805,
      "predict_wall_ms_per_image": 35.73762132245393
    },
    {
      "confidence": 0.75,
      "true_positives": 2692,
      "false_positives": 66,
      "false_negatives": 2735,
      "detections": 2758,
      "images": 1346,
      "objects": 5427,
      "precision": 0.9760696156635243,
      "recall": 0.49603832688409805,
      "f1": 0.6577886377519854,
      "false_positives_per_image": 0.04903417533432392,
      "wall_ms_per_image": 40.704767830610805,
      "predict_wall_ms_per_image": 35.73762132245393
    },
    {
      "confidence": 0.8,