{
  "status": "complete",
  "computed_at": "2026-07-16T06:00:34.697563+00:00",
  "model": {
    "path": "yolo26m.pt",
    "sha256": "401cea9ab23ad19246ff7744859816bc599f350e93c9dd30367b6f0a0745d0b7",
    "bytes": 44255705
  },
  "dataset": {
    "path": "data\\processed\\coco_person\\dataset.yaml",
    "split": "val",
    "images": 1346,
    "objects": 5427
  },
  "test_used": false,
  "matching_iou": 0.5,
  "predict_confidence": 0.001,
  "nms_iou": 0.5,
  "selection_rule": "argmax F1 on val operational metrics, tie-break recall then precision",
  "selected_threshold": {
    "confidence": 0.35,
    "true_positives": 3948,
    "false_positives": 550,
    "false_negatives": 1479,
    "detections": 4498,
    "images": 1346,
    "objects": 5427,
    "precision": 0.8777234326367275,
    "recall": 0.7274737423991156,
    "f1": 0.7955667506297229,
    "false_positives_per_image": 0.4086181277860327,
    "wall_ms_per_image": 29.84990334324184,
    "predict_wall_ms_per_image": 24.736536998439437
  },
  "thresholds": [
    {
      "confidence": 0.05,
      "true_positives": 4808,
      "false_positives": 4405,
      "false_negatives": 619,
      "detections": 9213,
      "images": 1346,
      "objects": 5427,
      "precision": 0.5218712688592206,
      "recall": 0.8859406670351944,
      "f1": 0.6568306010928961,
      "false_positives_per_image": 3.2726597325408617,
      "wall_ms_per_image": 29.84990334324184,
      "predict_wall_ms_per_image": 24.736536998439437
    },
    {
      "confidence": 0.1,
      "true_positives": 4606,
      "false_positives": 2527,
      "false_negatives": 821,
      "detections": 7133,
      "images": 1346,
      "objects": 5427,
      "precision": 0.6457311089303238,
      "recall": 0.8487193661323015,
      "f1": 0.7334394904458599,
      "false_positives_per_image": 1.8774145616641902,
      "wall_ms_per_image": 29.84990334324184,
      "predict_wall_ms_per_image": 24.736536998439437
    },
    {
      "confidence": 0.15,
      "true_positives": 4426,
      "false_positives": 1714,
      "false_negatives": 1001,
      "detections": 6140,
      "images": 1346,
      "objects": 5427,
      "precision": 0.7208469055374593,
      "recall": 0.8155518702782384,
      "f1": 0.7652805394657215,
      "false_positives_per_image": 1.2734026745913818,
      "wall_ms_per_image": 29.84990334324184,
      "predict_wall_ms_per_image": 24.736536998439437
    },
    {
      "confidence": 0.2,
      "true_positives": 4311,
      "false_positives": 1277,
      "false_negatives": 1116,
      "detections": 5588,
      "images": 1346,
      "objects": 5427,
      "precision": 0.7714745884037223,
      "recall": 0.7943615257048093,
      "f1": 0.782750794371312,
      "false_positives_per_image": 0.9487369985141159,
      "wall_ms_per_image": 29.84990334324184,
      "predict_wall_ms_per_image": 24.736536998439437
    },
    {
      "confidence": 0.25,
      "true_positives": 4187,
      "false_positives": 962,
      "false_negatives": 1240,
      "detections": 5149,
      "images": 1346,
      "objects": 5427,
      "precision": 0.8131676053602641,
      "recall": 0.771512806338677,
      "f1": 0.7917927382753404,
      "false_positives_per_image": 0.7147102526002972,
      "wall_ms_per_image": 29.84990334324184,
      "predict_wall_ms_per_image": 24.736536998439437
    },
    {
      "confidence": 0.3,
      "true_positives": 4061,
      "false_positives": 738,
      "false_negatives": 1366,
      "detections": 4799,
      "images": 1346,
      "objects": 5427,
      "precision": 0.8462179620754324,
      "recall": 0.7482955592408329,
      "f1": 0.7942499511050264,
      "false_positives_per_image": 0.5482912332838039,
      "wall_ms_per_image": 29.84990334324184,
      "predict_wall_ms_per_image": 24.736536998439437
    },
    {
      "confidence": 0.35,
      "true_positives": 3948,
      "false_positives": 550,
      "false_negatives": 1479,
      "detections": 4498,
      "images": 1346,
      "objects": 5427,
      "precision": 0.8777234326367275,
      "recall": 0.7274737423991156,
      "f1": 0.7955667506297229,
      "false_positives_per_image": 0.4086181277860327,
      "wall_ms_per_image": 29.84990334324184,
      "predict_wall_ms_per_image": 24.736536998439437
    },
    {
      "confidence": 0.4,
      "true_positives": 3818,
      "false_positives": 415,
      "false_negatives": 1609,
      "detections": 4233,
      "images": 1346,
      "objects": 5427,
      "precision": 0.9019607843137255,
      "recall": 0.7035194398378478,
      "f1": 0.7904761904761904,
      "false_positives_per_image": 0.3083209509658247,
      "wall_ms_per_image": 29.84990334324184,
      "predict_wall_ms_per_image": 24.736536998439437
    },
    {
      "confidence": 0.45,
      "true_positives": 3656,
      "false_positives": 335,
      "false_negatives": 1771,
      "detections": 3991,
      "images": 1346,
      "objects": 5427,
      "precision": 0.9160611375595089,
      "recall": 0.6736686935691911,
      "f1": 0.7763856445105118,
      "false_positives_per_image": 0.24888558692421991,
      "wall_ms_per_image": 29.84990334324184,
      "predict_wall_ms_per_image": 24.736536998439437
    },
    {
      "confidence": 0.5,
      "true_positives": 3502,
      "false_positives": 260,
      "false_negatives": 1925,
      "detections": 3762,
      "images": 1346,
      "objects": 5427,
      "precision": 0.9308878256246678,
      "recall": 0.6452920582273816,
      "f1": 0.7622156926760256,
      "false_positives_per_image": 0.19316493313521546,
      "wall_ms_per_image": 29.84990334324184,
      "predict_wall_ms_per_image": 24.736536998439437
    },
    {
      "confidence": 0.55,
      "true_positives": 3349,
      "false_positives": 203,
      "false_negatives": 2078,
      "detections": 3552,
      "images": 1346,
      "objects": 5427,
      "precision": 0.9428490990990991,
      "recall": 0.617099686751428,
      "f1": 0.7459628020937743,
      "false_positives_per_image": 0.15081723625557206,
      "wall_ms_per_image": 29.84990334324184,
      "predict_wall_ms_per_image": 24.736536998439437
    },
    {
      "confidence": 0.6,
      "true_positives": 3166,
      "false_positives": 154,
      "false_negatives": 2261,
      "detections": 3320,
      "images": 1346,
      "objects": 5427,
      "precision": 0.9536144578313253,
      "recall": 0.5833793992997973,
      "f1": 0.7239053389733623,
      "false_positives_per_image": 0.11441307578008915,
      "wall_ms_per_image": 29.84990334324184,
      "predict_wall_ms_per_image": 24.736536998439437
    },
    {
      "confidence": 0.65,
      "true_positives": 2970,
      "false_positives": 117,
      "false_negatives": 2457,
      "detections": 3087,
      "images": 1346,
      "objects": 5427,
      "precision": 0.9620991253644315,
      "recall": 0.5472636815920398,
      "f1": 0.6976744186046512,
      "false_positives_per_image": 0.08692421991084695,
      "wall_ms_per_image": 29.84990334324184,
      "predict_wall_ms_per_image": 24.736536998439437
    },
    {
      "confidence": 0.7,
      "true_positives": 2791,
      "false_positives": 87,
      "false_negatives": 2636,
      "detections": 2878,
      "images": 1346,
      "objects": 5427,
      "precision": 0.9697706740792217,
      "recall": 0.5142804496038327,
      "f1": 0.6721252257676098,
      "false_positives_per_image": 0.06463595839524518,
      "wall_ms_per_image": 29.84990334324184,
      "predict_wall_ms_per_image": 24.736536998439437
    },
    {
      "confidence": 0.75,
      "true_positives": 2547,
      "false_positives": 60,
      "false_negatives": 2880,
      "detections": 2607,
      "images": 1346,
      "objects": 5427,
      "precision": 0.9769850402761795,
      "recall": 0.4693200663349917,
      "f1": 0.6340552651232263,
      "false_positives_per_image": 0.04457652303120357,
      "wall_ms_per_image": 29.84990334324184,
      "predict_wall_ms_per_image": 24.736536998439437
    },
    {
      "confidence": 0.8,