{
  "model_name": "models\\training_runs\\full_a\\a_full_20260714T193616Z\\ultralytics\\a_full\\weights\\best.pt",
  "split": "test",
  "device": "cuda",
  "detection_precision": 0.8096277818620362,
  "detection_recall": 0.6721495327102803,
  "f1_score": 0.7345110900215092,
  "mAP50": 0.7765574099695576,
  "mAP50_95": 0.52896473305976,
  "speed_ms": {
    "preprocess": 0.6445266518186302,
    "inference": 2.029215961381597,
    "loss": 0.0007173719660516581,
    "postprocess": 0.19625753523649148
  }
}
