{
  "model_name": "models\\checkpoints\\experiments\\yolo26l_int8.onnx",
  "split": "val",
  "device": "cpu",
  "detection_precision": 0.0,
  "detection_recall": 0.0,
  "f1_score": 0.0,
  "mAP50": 0.0,
  "mAP50_95": 0.0,
  "speed_ms": {
    "preprocess": 0.5779900443289577,
    "inference": 87.96588878177272,
    "loss": 0.0013009655250604492,
    "postprocess": 0.17701797902599298
  }
}
